{"cameraMode":{"drawMode":0,"name":"Shaded","section":"Shading Mode"},"sceneLighting":true,"audioPlay":false,"sceneViewState":{"m_AlwaysRefresh":false,"showFog":true,"showSkybox":true,"showFlares":true,"showImageEffects":true,"showParticleSystems":true,"showVisualEffectGraphs":true,"m_FxEnabled":true},"in2DMode":false,"pivot":{"x":5.413132190704346,"y":1.2774710655212403,"z":0.43122315406799319},"rotation":{"x":0.05640818178653717,"y":-0.09424514323472977,"z":-0.00534842349588871,"w":-0.9939526319503784},"size":1.8146109580993653,"orthographic":false}